,2015,2015,2015,2015,2015,2015,2014,2014,2014,2014,2014,2014,2013,2013,2013,2013,2013,2013,2012,2012,2012,2012,2012,2012,2011,2011,2011,2011,2011,2011,2010,2010,2010,2010,2010,2010,2009,2009,2009,2009,2009,2009,2008,2008,2008,2008,2008,2008,2007,2007,2007,2007,2007,2007,2006,2006,2006,2006,2006,2006,2005,2005,2005,2005,2005,2005,2004,2004,2004,2004,2004,2004,2003,2003,2003,2003,2003,2003,2002,2002,2002,2002,2002,2002,2001,2001,2001,2001,2001,2001,2000,2000,2000,2000,2000,2000
, Population using at least basic sanitation services (%), Population using at least basic sanitation services (%), Population using at least basic sanitation services (%), Population using safely managed sanitation services (%), Population using safely managed sanitation services (%), Population using safely managed sanitation services (%), Population using at least basic sanitation services (%), Population using at least basic sanitation services (%), Population using at least basic sanitation services (%), Population using safely managed sanitation services (%), Population using safely managed sanitation services (%), Population using safely managed sanitation services (%), Population using at least basic sanitation services (%), Population using at least basic sanitation services (%), Population using at least basic sanitation services (%), Population using safely managed sanitation services (%), Population using safely managed sanitation services (%), Population using safely managed sanitation services (%), Population using at least basic sanitation services (%), Population using at least basic sanitation services (%), Population using at least basic sanitation services (%), Population using safely managed sanitation services (%), Population using safely managed sanitation services (%), Population using safely managed sanitation services (%), Population using at least basic sanitation services (%), Population using at least basic sanitation services (%), Population using at least basic sanitation services (%), Population using safely managed sanitation services (%), Population using safely managed sanitation services (%), Population using safely managed sanitation services (%), Population using at least basic sanitation services (%), Population using at least basic sanitation services (%), Population using at least basic sanitation services (%), Population using safely managed sanitation services (%), Population using safely managed sanitation services (%), Population using safely managed sanitation services (%), Population using at least basic sanitation services (%), Population using at least basic sanitation services (%), Population using at least basic sanitation services (%), Population using safely managed sanitation services (%), Population using safely managed sanitation services (%), Population using safely managed sanitation services (%), Population using at least basic sanitation services (%), Population using at least basic sanitation services (%), Population using at least basic sanitation services (%), Population using safely managed sanitation services (%), Population using safely managed sanitation services (%), Population using safely managed sanitation services (%), Population using at least basic sanitation services (%), Population using at least basic sanitation services (%), Population using at least basic sanitation services (%), Population using safely managed sanitation services (%), Population using safely managed sanitation services (%), Population using safely managed sanitation services (%), Population using at least basic sanitation services (%), Population using at least basic sanitation services (%), Population using at least basic sanitation services (%), Population using safely managed sanitation services (%), Population using safely managed sanitation services (%), Population using safely managed sanitation services (%), Population using at least basic sanitation services (%), Population using at least basic sanitation services (%), Population using at least basic sanitation services (%), Population using safely managed sanitation services (%), Population using safely managed sanitation services (%), Population using safely managed sanitation services (%), Population using at least basic sanitation services (%), Population using at least basic sanitation services (%), Population using at least basic sanitation services (%), Population using safely managed sanitation services (%), Population using safely managed sanitation services (%), Population using safely managed sanitation services (%), Population using at least basic sanitation services (%), Population using at least basic sanitation services (%), Population using at least basic sanitation services (%), Population using safely managed sanitation services (%), Population using safely managed sanitation services (%), Population using safely managed sanitation services (%), Population using at least basic sanitation services (%), Population using at least basic sanitation services (%), Population using at least basic sanitation services (%), Population using safely managed sanitation services (%), Population using safely managed sanitation services (%), Population using safely managed sanitation services (%), Population using at least basic sanitation services (%), Population using at least basic sanitation services (%), Population using at least basic sanitation services (%), Population using safely managed sanitation services (%), Population using safely managed sanitation services (%), Population using safely managed sanitation services (%), Population using at least basic sanitation services (%), Population using at least basic sanitation services (%), Population using at least basic sanitation services (%), Population using safely managed sanitation services (%), Population using safely managed sanitation services (%), Population using safely managed sanitation services (%)
Country, Rural, Urban, Total, Rural, Urban, Total, Rural, Urban, Total, Rural, Urban, Total, Rural, Urban, Total, Rural, Urban, Total, Rural, Urban, Total, Rural, Urban, Total, Rural, Urban, Total, Rural, Urban, Total, Rural, Urban, Total, Rural, Urban, Total, Rural, Urban, Total, Rural, Urban, Total, Rural, Urban, Total, Rural, Urban, Total, Rural, Urban, Total, Rural, Urban, Total, Rural, Urban, Total, Rural, Urban, Total, Rural, Urban, Total, Rural, Urban, Total, Rural, Urban, Total, Rural, Urban, Total, Rural, Urban, Total, Rural, Urban, Total, Rural, Urban, Total, Rural, Urban, Total, Rural, Urban, Total, Rural, Urban, Total, Rural, Urban, Total, Rural, Urban, Total
Afghanistan,33,56,39,,,,32,55,38,,,,31,53,37,,,,31,51,36,,,,30,49,35,,,,29,47,34,,,,28,46,32,,,,27,44,31,,,,27,42,30,,,,26,40,29,,,,25,38,28,,,,24,37,27,,,,23,35,26,,,,23,33,25,,,,22,31,24,,,,22,31,24,,,
Albania,97,98,98,64,65,65,97,98,98,64,65,65,96,98,97,63,65,64,95,98,97,62,65,64,94,98,96,61,65,63,93,98,96,60,65,62,92,98,95,58,65,62,91,98,94,57,65,61,90,98,94,56,65,60,89,98,93,55,65,60,88,97,92,54,65,59,86,97,91,53,64,58,85,97,91,51,64,57,84,97,90,50,64,56,83,97,89,49,64,55,82,97,88,48,64,55
Algeria,82,90,87,24,17,19,82,90,87,24,17,19,81,90,87,24,17,19,80,90,87,24,17,20,80,90,87,24,18,20,79,90,87,24,18,20,78,90,86,24,18,20,78,90,86,24,18,20,77,91,86,24,18,20,76,91,86,24,18,20,76,91,85,24,19,21,75,91,85,24,19,21,74,91,85,24,19,21,74,91,84,24,19,21,73,91,84,24,19,21,72,91,84,24,19,21
Andorra,100,100,100,100,100,100,100,100,100,100,100,100,100,100,100,100,100,100,100,100,100,100,100,100,100,100,100,100,100,100,100,100,100,95,95,95,100,100,100,86,86,86,100,100,100,77,77,77,100,100,100,68,68,68,100,100,100,60,60,60,100,100,100,51,51,51,100,100,100,42,42,42,100,100,100,33,33,33,100,100,100,24,24,24,100,100,100,15,15,15,100,100,100,6,6,6
Angola,21,62,39,,,,20,61,38,,,,20,60,37,,,,19,59,36,,,,18,58,34,,,,17,57,33,,,,16,56,32,,,,15,55,31,,,,14,54,29,,,,13,53,28,,,,12,52,27,,,,11,51,25,,,,10,50,24,,,,9,49,23,,,,8,49,22,,,,8,48,20,,,
Antigua and Barbuda,,,88,,,,,,88,,,,,,88,,,,,,87,,,,,,87,,,,,,86,,,,,,86,,,,,,86,,,,,,85,,,,,,85,,,,,,84,,,,,,84,,,,,,84,,,,,,83,,,,,,83,,,,,,82,,,
Argentina,94,95,95,,25,26,94,95,95,,25,27,94,95,95,,26,27,94,95,95,,26,27,94,95,95,,26,27,94,95,95,,26,27,94,95,95,,26,27,95,95,95,,26,28,95,95,95,,26,28,95,95,95,,26,28,95,95,95,,26,28,96,95,95,,26,28,96,95,95,,26,28,96,95,95,,26,28,96,95,95,,26,29,97,95,95,,27,29
Armenia,83,96,92,,,,83,96,92,,,,83,96,91,,,,83,96,91,,,,83,96,91,,,,83,96,91,,,,83,96,91,,,,83,96,91,,,,82,96,91,,,,82,96,91,,,,82,96,91,,,,82,96,91,,,,82,95,91,,,,82,95,91,,,,82,95,90,,,,82,95,90,,,
Australia,,,100,,,74,,,100,,,73,,,100,,,73,,,100,,,72,,,100,,,71,,,100,,,70,,,100,,,69,,,100,,,69,,,100,,,68,,,100,,,67,,,100,,,66,,,100,,,65,,,100,,,65,,,100,,,65,,,100,,,65,,,100,,,65
Austria,100,100,100,92,99,97,100,100,100,92,99,97,100,100,100,92,99,97,100,100,100,92,99,97,100,100,100,92,99,97,100,100,100,92,99,97,100,100,100,92,99,97,100,100,100,92,99,97,100,100,100,92,99,97,100,100,100,92,99,97,100,100,100,92,99,97,100,100,100,92,99,97,100,100,100,92,99,97,100,100,100,92,99,97,100,100,100,92,99,97,100,100,100,92,99,97
Azerbaijan,87,92,89,,73,,84,91,88,,73,,82,90,86,,73,,80,89,85,,73,,78,88,83,,73,,76,87,82,,73,,73,86,80,,73,,71,85,78,,73,,69,84,77,,73,,67,83,75,,73,,65,82,74,,73,,62,81,72,,73,,60,80,70,,72,,58,79,69,,72,,56,78,67,,72,,54,77,66,,71,
Bahamas,,,92,,,,,,92,,,,,,92,,,,,,92,,,,,,92,,,,,,91,,,,,,91,,,,,,91,,,,,,91,,,,,,90,,,,,,90,,,,,,90,,,,,,89,,,,,,89,,,,,,89,,,,,,89,,,
Bahrain,,,100,,,93,,,100,,,93,,,100,,,93,,,100,,,93,,,100,,,93,,,100,,,93,,,100,,,93,,,100,,,93,,,100,,,93,,,100,,,93,,,100,,,93,,,100,,,93,,,100,,,93,,,100,,,93,,,100,,,93,,,100,,,93
Bangladesh,43,54,47,32,,,42,53,46,31,,,40,52,44,30,,,39,51,43,29,,,37,50,41,28,,,36,49,40,26,,,34,48,39,25,,,33,48,37,24,,,31,47,36,23,,,30,46,34,22,,,28,45,33,21,,,27,44,31,20,,,25,43,30,19,,,24,42,28,17,,,22,42,27,16,,,21,41,25,15,,
Barbados,,,96,,,,,,96,,,,,,96,,,,,,95,,,,,,95,,,,,,94,,,,,,93,,,,,,93,,,,,,92,,,,,,92,,,,,,91,,,,,,90,,,,,,90,,,,,,89,,,,,,88,,,,,,88,,,
Belarus,95,94,94,71,78,76,95,94,94,71,79,77,95,94,94,71,80,78,96,94,94,71,80,78,96,94,94,71,81,79,96,94,95,70,82,79,96,94,95,70,83,80,96,94,95,70,84,80,97,94,95,69,85,81,97,94,95,68,86,81,97,94,95,68,86,81,97,94,95,67,87,82,97,94,95,66,88,82,97,94,95,66,88,82,97,94,95,66,88,82,97,94,95,66,88,82
Belgium,99,99,99,,,97,99,99,99,,,95,99,99,99,,,93,99,99,99,,,90,99,99,99,,,88,99,99,99,,,86,99,99,99,,,83,99,99,99,,,81,99,99,99,,,79,99,99,99,,,77,99,99,99,,,74,99,99,99,,,72,99,99,99,,,70,99,99,99,,,70,99,99,99,,,70,99,99,99,,,70
Belize,84,91,87,,,,84,91,87,,,,83,91,87,,,,83,90,86,,,,83,90,86,,,,82,90,86,,,,82,89,85,,,,82,89,85,,,,81,89,85,,,,81,89,84,,,,80,88,84,,,,80,88,84,,,,80,88,83,,,,79,87,83,,,,79,87,83,,,,79,87,83,,,
Benin,5,25,14,,,,5,25,14,,,,5,24,13,,,,5,24,13,,,,5,24,13,,,,5,23,13,,,,5,23,12,,,,4,23,12,,,,4,23,12,,,,4,22,11,,,,4,22,11,,,,4,22,11,,,,4,21,11,,,,4,21,10,,,,3,21,10,,,,3,21,10,,,
Bhutan,57,72,63,,,,56,72,62,,,,55,72,62,,,,55,73,61,,,,54,73,61,,,,53,73,60,,,,52,73,59,,,,51,73,59,,,,51,73,58,,,,50,74,57,,,,49,74,57,,,,48,74,56,,,,48,74,55,,,,47,74,54,,,,46,75,53,,,,46,75,53,,,
Bolivia (Plurinational State of),27,64,53,,22,19,26,64,52,,22,19,26,63,51,,22,18,25,62,50,,21,18,24,61,49,,21,18,24,60,48,,21,18,23,59,47,,21,17,23,58,46,,21,17,22,57,45,,20,17,21,56,44,,20,16,21,55,43,,20,16,20,55,42,,20,16,20,54,41,,19,16,19,53,40,,19,15,18,52,39,,19,15,18,51,38,,19,15
Bosnia and Herzegovina,92,99,95,,9,23,92,99,95,,9,23,92,99,95,,10,23,92,99,95,,10,23,92,99,95,,10,23,92,99,95,,10,23,92,99,95,,10,23,92,99,95,,10,23,92,99,95,,10,23,92,99,95,,11,23,92,99,95,,11,23,92,99,95,,11,23,93,99,95,,11,23,93,98,95,,11,23,93,98,95,,11,23,93,98,95,,12,23
Botswana,39,75,60,,,,39,75,60,,,,39,75,60,,,,39,75,59,,,,39,75,59,,,,38,74,59,,,,38,74,58,,,,38,74,58,,,,37,74,57,,,,37,73,57,,,,36,73,57,,,,36,73,56,,,,36,72,56,,,,35,72,55,,,,35,72,55,,,,35,72,54,,,
Brazil,58,91,86,,40,39,57,90,85,,39,38,55,90,85,,38,37,54,89,84,,37,36,52,88,83,,36,35,51,88,82,,36,34,49,87,81,,35,33,48,87,80,,34,32,46,86,79,,33,31,45,86,79,,32,30,43,85,78,,32,30,42,84,77,,31,29,40,84,76,,30,28,39,83,75,,30,28,37,83,74,,29,27,36,82,73,,29,26
Brunei Darussalam,97,96,96,,,,97,96,96,,,,97,96,96,,,,97,96,96,,,,97,96,96,,,,97,96,96,,,,97,96,96,,,,97,96,96,,,,97,96,96,,,,,,,,,,,,,,,,,,,,,,,,,,,,,,,,,,,,,,,,,,,,,
Bulgaria,84,87,86,,82,74,84,87,86,,81,74,84,87,86,,81,73,84,87,86,,80,73,84,87,86,,80,72,84,87,86,,79,72,84,87,86,,79,71,84,87,86,,78,71,84,87,86,,78,70,84,87,86,,77,70,84,87,86,,77,69,84,87,86,,76,69,84,87,86,,76,68,84,87,86,,76,68,84,87,86,,76,68,84,87,86,,75,67
Burkina Faso,12,48,23,,,,11,47,22,,,,10,47,21,,,,10,47,20,,,,9,47,19,,,,8,46,18,,,,8,46,17,,,,7,46,16,,,,6,46,15,,,,6,45,14,,,,5,45,14,,,,4,45,13,,,,3,45,12,,,,3,44,11,,,,2,44,10,,,,2,44,10,,,
Burundi,51,46,50,,,,51,46,50,,,,50,45,50,,,,50,44,49,,,,49,43,49,,,,49,43,48,,,,48,42,47,,,,47,41,47,,,,47,40,46,,,,46,39,45,,,,45,38,45,,,,45,37,44,,,,44,37,43,,,,43,36,43,,,,43,35,42,,,,42,34,41,,,
CÃ´te d'Ivoire,13,45,30,,,,12,44,29,,,,12,44,29,,,,12,44,28,,,,12,43,28,,,,11,43,27,,,,11,43,27,,,,11,42,26,,,,11,42,26,,,,10,42,25,,,,10,41,25,,,,10,41,24,,,,10,41,24,,,,9,41,23,,,,9,40,23,,,,9,40,22,,,
Cabo Verde,51,73,65,,,,50,73,65,,,,50,73,64,,,,48,71,63,,,,46,70,61,,,,44,68,59,,,,42,66,57,,,,40,64,55,,,,38,63,52,,,,35,61,50,,,,33,59,48,,,,31,57,46,,,,29,56,44,,,,27,54,42,,,,25,52,40,,,,23,50,37,,,
Cambodia,39,88,49,,,,36,85,46,,,,34,83,44,,,,32,80,41,,,,29,78,39,,,,27,75,37,,,,25,72,34,,,,22,70,32,,,,20,67,29,,,,18,65,27,,,,15,62,24,,,,13,59,22,,,,11,57,20,,,,9,54,17,,,,6,52,15,,,,4,49,12,,,
Cameroon,19,56,39,,,,19,56,39,,,,20,56,39,,,,20,56,39,,,,21,56,39,,,,21,56,39,,,,22,56,39,,,,22,56,39,,,,23,56,39,,,,23,56,39,,,,24,56,39,,,,24,56,39,,,,25,56,39,,,,25,56,40,,,,26,56,40,,,,26,56,40,,,
Canada,,,99,,,77,,,99,,,77,,,99,,,77,,,99,,,77,,,99,,,77,,,99,,,76,,,99,,,76,,,99,,,76,,,99,,,75,,,99,,,75,,,99,,,74,,,99,,,74,,,99,,,74,,,99,,,73,,,99,,,73,,,99,,,73
Central African Republic,9,49,25,,,,9,49,25,,,,9,49,25,,,,9,49,25,,,,9,47,24,,,,9,45,23,,,,9,43,22,,,,9,41,21,,,,9,39,21,,,,9,38,20,,,,9,36,19,,,,9,34,18,,,,9,32,17,,,,8,30,17,,,,8,28,16,,,,8,26,15,,,
Chad,3,33,10,,,,3,32,10,,,,3,31,10,,,,4,31,10,,,,4,30,10,,,,4,29,10,,,,4,29,10,,,,4,28,10,,,,5,27,10,,,,5,27,10,,,,5,26,10,,,,5,26,10,,,,6,25,10,,,,6,24,10,,,,6,24,10,,,,6,23,10,,,
Chile,99,100,100,,81,85,98,100,100,,78,81,96,100,99,,76,77,93,99,99,,73,73,91,99,98,,70,69,89,99,98,,67,65,87,99,97,,64,61,85,98,97,,61,57,82,98,96,,58,53,80,98,96,,56,49,78,97,95,,53,45,76,97,94,,50,42,74,97,94,,47,38,72,96,93,,47,34,69,96,92,,47,31,67,96,92,,47,27
China,61,86,75,42,73,60,60,86,74,41,70,57,60,85,73,40,67,54,59,84,72,39,63,52,58,84,71,38,60,49,58,83,70,38,56,47,57,82,69,37,53,44,56,82,68,36,49,42,56,81,67,35,45,40,55,80,66,34,42,37,54,80,65,33,38,35,54,79,64,33,34,33,53,79,63,32,31,31,52,78,62,31,27,30,52,77,61,30,27,29,52,77,61,30,26,29
Colombia,72,88,84,,16,20,71,88,84,,16,19,69,88,83,,16,19,68,88,83,,16,19,66,88,82,,16,19,65,87,82,,16,19,63,87,81,,16,19,62,87,81,,16,18,61,87,80,,16,18,59,87,79,,16,18,58,86,79,,16,18,56,86,78,,16,18,55,86,78,,16,17,53,86,77,,16,17,52,86,76,,16,17,51,86,76,,16,17
Comoros,29,47,34,,,,29,47,34,,,,28,47,34,,,,28,46,33,,,,28,46,33,,,,27,45,32,,,,27,44,31,,,,26,44,31,,,,26,43,30,,,,25,43,30,,,,25,42,29,,,,24,41,29,,,,24,41,28,,,,23,40,28,,,,23,40,27,,,,22,39,27,,,
Congo,6,20,15,,,,6,20,15,,,,6,20,15,,,,6,20,15,,,,6,19,14,,,,6,19,14,,,,6,19,14,,,,6,19,14,,,,6,19,14,,,,6,19,14,,,,6,18,13,,,,6,18,13,,,,6,18,13,,,,6,18,13,,,,6,18,13,,,,6,18,13,,,
Cook Islands,,,98,,,,,,98,,,,,,98,,,,,,97,,,,,,97,,,,,,96,,,,,,96,,,,,,96,,,,,,95,,,,,,95,,,,,,94,,,,,,94,,,,,,93,,,,,,93,,,,,,93,,,,,,92,,,
Costa Rica,94,98,97,,,,94,98,97,,,,94,98,97,,,,93,98,97,,,,93,98,97,,,,93,98,96,,,,93,98,96,,,,92,98,96,,,,92,97,96,,,,92,97,96,,,,91,97,95,,,,91,97,95,,,,91,97,95,,,,91,97,95,,,,90,97,94,,,,90,97,94,,,
Croatia,96,98,97,,65,60,96,98,97,,65,60,96,98,97,,65,60,96,98,97,,65,60,96,98,97,,65,60,96,98,97,,65,60,96,98,97,,65,60,96,98,97,,65,60,96,98,97,,65,60,96,98,97,,65,60,96,98,97,,64,60,96,98,97,,64,60,96,98,97,,64,60,96,98,97,,64,60,96,98,97,,64,60,96,98,97,,64,60
Cuba,88,92,91,,28,31,88,92,91,,28,31,87,92,91,,29,31,86,92,91,,29,31,86,92,90,,29,31,85,92,90,,29,32,85,92,90,,30,32,84,92,90,,30,32,84,92,90,,30,32,83,92,90,,30,32,83,92,90,,31,32,82,92,90,,31,32,81,92,90,,31,32,81,92,89,,31,32,80,92,89,,31,32,80,92,89,,31,32
Cyprus,99,100,99,,86,76,99,100,99,,86,76,99,100,99,,86,76,99,100,100,,86,76,99,100,100,,86,76,99,100,100,,86,76,99,100,100,,86,76,99,100,100,,86,76,100,100,100,,86,76,100,100,100,,86,76,100,100,100,,86,76,100,100,100,,87,76,100,100,100,,87,76,100,100,100,,87,76,100,100,100,,87,77,100,100,100,,87,76
Czechia,99,99,99,82,95,91,99,99,99,81,94,91,99,99,99,81,94,90,99,99,99,80,93,90,99,99,99,80,92,89,99,99,99,79,92,88,99,99,99,79,91,88,99,99,99,79,90,87,99,99,99,78,90,87,99,99,99,78,89,86,99,99,99,77,88,85,99,99,99,77,88,85,99,99,99,76,87,84,99,99,99,76,87,84,99,99,99,76,87,84,99,99,99,76,87,84
Democratic People's Republic of Korea,68,83,77,,,,68,83,77,,,,68,83,77,,,,68,83,77,,,,68,83,77,,,,68,83,77,,,,68,83,77,,,,68,83,77,,,,68,83,77,,,,68,83,77,,,,68,83,77,,,,68,83,77,,,,68,83,77,,,,68,83,77,,,,,,,,,,,,,,,
Democratic Republic of the Congo,18,23,20,,,,18,23,20,,,,18,23,20,,,,18,23,20,,,,19,23,20,,,,19,23,21,,,,19,23,21,,,,19,23,21,,,,20,23,21,,,,20,23,21,,,,20,24,21,,,,20,24,22,,,,21,24,22,,,,21,24,22,,,,21,24,22,,,,21,24,22,,,
Denmark,100,100,100,,,93,100,100,100,,,93,100,100,100,,,93,100,100,100,,,93,100,100,100,,,93,100,100,100,,,93,100,100,100,,,93,100,100,100,,,93,100,100,100,,,93,100,100,100,,,93,100,100,100,,,93,100,100,100,,,93,100,100,100,,,93,100,100,100,,,93,100,100,100,,,93,100,100,100,,,93
Djibouti,13,63,51,,,,13,63,51,,,,13,63,51,,,,13,63,51,,,,13,63,51,,,,13,63,51,,,,13,63,51,,,,13,63,51,,,,13,63,51,,,,13,63,51,,,,13,63,51,,,,13,63,51,,,,13,63,51,,,,13,63,51,,,,13,63,51,,,,13,63,51,,,
Dominica,,,78,,,,,,78,,,,,,78,,,,,,78,,,,,,78,,,,,,77,,,,,,75,,,,,,74,,,,,,73,,,,,,72,,,,,,70,,,,,,69,,,,,,68,,,,,,67,,,,,,65,,,,,,64,,,
Dominican Republic,74,85,83,,,,73,85,83,,,,73,85,82,,,,73,85,82,,,,73,85,82,,,,72,85,82,,,,72,85,82,,,,72,85,81,,,,72,85,81,,,,72,85,81,,,,71,85,81,,,,71,85,80,,,,71,85,80,,,,71,85,80,,,,70,85,80,,,,70,85,79,,,
Ecuador,80,89,86,57,34,42,79,89,85,56,35,42,77,88,84,55,35,42,75,88,83,54,36,42,73,88,82,53,36,42,71,87,81,52,37,42,69,87,80,51,37,43,68,86,79,50,38,43,66,86,78,49,39,43,64,85,77,49,39,42,62,85,76,48,40,42,60,84,75,47,40,42,59,84,74,46,41,42,57,83,73,45,41,42,55,83,72,44,42,42,53,82,71,43,42,42
Egypt,90,97,93,,70,61,90,97,93,,69,60,90,97,93,,69,60,90,97,93,,68,59,90,97,93,,68,59,90,97,93,,67,58,90,97,93,,67,57,90,97,93,,66,57,90,97,93,,66,56,90,97,93,,65,56,90,97,93,,64,55,89,97,93,,64,55,89,97,93,,63,54,89,97,93,,63,54,89,97,92,,62,53,89,97,92,,62,53
El Salvador,87,93,91,,,,86,93,90,,,,85,93,90,,,,83,92,89,,,,82,92,89,,,,81,92,88,,,,80,92,87,,,,78,91,86,,,,77,91,86,,,,76,91,85,,,,75,90,84,,,,73,90,84,,,,72,90,83,,,,71,90,82,,,,71,90,82,,,,71,90,82,,,
Equatorial Guinea,71,80,75,,,,71,80,75,,,,71,80,75,,,,72,80,75,,,,72,80,75,,,,73,80,76,,,,74,80,76,,,,74,80,77,,,,75,80,77,,,,76,80,78,,,,76,80,78,,,,77,80,78,,,,78,81,79,,,,78,81,79,,,,79,81,80,,,,80,81,80,,,
Eritrea,6,29,11,,,,6,29,11,,,,6,29,11,,,,6,29,11,,,,6,29,11,,,,5,30,10,,,,5,31,10,,,,5,31,10,,,,4,32,10,,,,4,32,9,,,,3,33,9,,,,3,33,9,,,,3,34,8,,,,2,35,8,,,,2,35,8,,,,2,36,8,,,
Estonia,100,100,100,81,99,93,100,100,100,81,98,93,99,100,100,80,98,92,99,100,100,80,97,92,99,100,99,79,97,91,99,100,99,79,97,91,99,99,99,78,96,91,99,99,99,78,96,90,99,99,99,77,96,90,99,99,99,77,95,89,99,99,99,76,95,89,99,99,99,76,94,89,99,99,99,75,94,88,99,99,99,75,94,88,99,99,99,74,93,88,99,99,99,74,93,87
Ethiopia,4,18,7,4,,,4,18,7,4,,,4,18,7,3,,,4,18,6,3,,,3,18,6,3,,,3,17,6,3,,,3,17,5,3,,,3,17,5,2,,,3,17,5,2,,,2,17,5,2,,,2,16,4,2,,,2,16,4,2,,,2,16,4,2,,,1,16,4,1,,,1,16,3,1,,,1,15,3,1,,
Fiji,95,96,96,,,,93,96,95,,,,91,95,93,,,,90,95,92,,,,88,95,91,,,,86,94,90,,,,84,94,89,,,,82,93,88,,,,80,93,87,,,,78,93,85,,,,76,92,84,,,,74,92,83,,,,73,91,82,,,,71,91,81,,,,71,91,81,,,,71,91,80,,,
Finland,99,99,99,,98,92,99,99,99,,98,92,99,99,99,,98,92,99,99,99,,98,91,99,99,99,,98,91,99,99,99,,98,91,99,99,99,,98,91,99,99,99,,98,91,99,99,99,,98,91,99,99,99,,98,91,99,99,99,,97,91,99,99,99,,97,90,99,99,99,,97,90,99,99,99,,97,90,99,99,99,,97,89,99,99,99,,97,89
France,99,99,99,,,92,99,99,99,,,92,99,99,99,,,91,99,99,99,,,91,99,99,99,,,91,99,99,99,,,91,99,99,99,,,90,99,99,99,,,90,99,99,99,,,90,99,99,99,,,89,99,99,99,,,89,99,99,99,,,89,99,99,99,,,88,99,99,99,,,88,99,99,99,,,88,99,99,99,,,88
Gabon,32,42,41,,,,32,42,41,,,,33,42,41,,,,33,42,41,,,,33,42,40,,,,33,42,40,,,,33,41,40,,,,33,41,40,,,,34,41,40,,,,34,41,40,,,,34,41,40,,,,34,41,40,,,,34,41,39,,,,34,40,39,,,,34,40,39,,,,35,40,39,,,
Gambia,35,46,42,,,,37,46,42,,,,38,47,43,,,,40,47,44,,,,42,47,45,,,,43,48,46,,,,45,48,47,,,,46,49,47,,,,48,49,48,,,,49,49,49,,,,51,50,50,,,,52,50,51,,,,54,50,52,,,,56,51,53,,,,57,51,54,,,,59,51,55,,,
Georgia,73,95,85,,17,,75,95,86,,16,,76,95,86,,16,,78,95,87,,15,,80,95,88,,14,,81,96,89,,14,,83,96,90,,13,,85,96,90,,12,,86,96,91,,11,,88,96,92,,10,,89,96,93,,9,,91,96,94,,8,,93,96,95,,7,,94,96,95,,7,,96,96,96,,6,,96,96,96,,6,
Germany,99,99,99,92,97,95,99,99,99,92,97,95,99,99,99,92,97,95,99,99,99,92,97,95,99,99,99,92,97,96,99,99,99,92,97,96,99,99,99,92,97,96,99,99,99,92,97,96,99,99,99,92,97,96,99,99,99,92,98,96,99,99,99,92,98,96,99,99,99,92,98,96,99,99,99,93,98,96,99,99,99,93,98,96,99,99,99,93,98,96,99,99,99,93,98,96
Ghana,9,19,14,,,,9,19,14,,,,9,19,14,,,,8,19,14,,,,8,18,13,,,,8,18,13,,,,8,18,13,,,,8,18,13,,,,8,18,13,,,,7,18,12,,,,7,18,12,,,,7,18,12,,,,7,18,12,,,,7,18,12,,,,6,18,11,,,,6,17,11,,,
Greece,98,99,99,,81,75,98,99,99,,81,75,97,99,98,,81,75,97,99,98,,81,75,97,99,98,,81,75,96,99,98,,81,74,96,99,98,,81,74,95,99,98,,81,74,95,99,98,,81,74,95,99,98,,81,74,94,98,97,,81,74,94,98,97,,81,73,94,98,97,,81,73,93,98,97,,81,73,93,98,97,,81,73,92,98,97,,80,73
Grenada,,,88,,,,,,88,,,,,,88,,,,,,89,,,,,,89,,,,,,89,,,,,,90,,,,,,90,,,,,,90,,,,,,91,,,,,,91,,,,,,91,,,,,,92,,,,,,92,,,,,,92,,,,,,92,,,
Guatemala,53,81,67,,,,52,81,67,,,,52,80,66,,,,51,80,66,,,,50,80,65,,,,50,80,65,,,,49,80,64,,,,48,80,64,,,,48,80,63,,,,47,80,63,,,,46,79,62,,,,46,79,61,,,,45,79,61,,,,44,79,60,,,,44,79,60,,,,43,79,59,,,
Guinea,15,34,22,,,,14,33,21,,,,13,33,20,,,,12,32,19,,,,12,31,18,,,,11,30,18,,,,10,29,17,,,,9,29,16,,,,9,28,15,,,,8,27,14,,,,7,26,13,,,,6,25,12,,,,5,25,12,,,,5,24,11,,,,4,23,10,,,,3,22,9,,,
Guinea-Bissau,8,35,21,,,,8,34,21,,,,8,34,20,,,,8,33,20,,,,7,32,19,,,,7,32,18,,,,7,31,18,,,,6,31,17,,,,6,30,16,,,,6,29,16,,,,5,29,15,,,,5,28,14,,,,5,28,14,,,,5,27,13,,,,4,26,13,,,,4,26,12,,,
Guyana,85,89,86,,,,84,89,86,,,,84,89,85,,,,83,89,85,,,,82,88,84,,,,82,88,84,,,,81,88,83,,,,80,88,82,,,,80,87,82,,,,79,87,81,,,,79,87,81,,,,78,87,80,,,,77,87,80,,,,77,86,79,,,,76,86,79,,,,75,86,78,,,
Haiti,22,37,31,,,,22,37,30,,,,21,36,29,,,,20,36,29,,,,19,35,28,,,,18,34,27,,,,18,34,26,,,,17,33,25,,,,16,33,24,,,,15,32,23,,,,14,31,22,,,,14,31,21,,,,13,30,20,,,,12,30,19,,,,11,29,18,,,,10,29,17,,,
Honduras,75,84,80,,15,,73,83,79,,15,,72,83,78,,15,,70,82,76,,15,,68,82,75,,15,,67,81,74,,15,,65,81,73,,15,,63,80,72,,15,,62,80,71,,15,,60,79,69,,15,,58,79,68,,15,,57,78,67,,15,,55,78,66,,15,,53,77,64,,15,,51,77,63,,15,,50,77,62,,15,
Hungary,99,98,98,,83,76,99,98,98,,83,76,99,98,98,,83,75,99,98,98,,81,74,99,98,98,,78,72,99,98,98,,75,69,99,98,98,,72,67,99,98,98,,69,64,99,98,98,,66,62,99,98,98,,63,59,99,98,98,,60,57,99,98,98,,56,55,99,98,98,,53,52,99,98,98,,53,52,99,98,98,,53,52,99,98,98,,53,52
Iceland,100,99,99,,70,69,100,99,99,,70,69,100,99,99,,70,69,100,99,99,,70,69,100,99,99,,70,69,100,99,99,,70,69,100,99,99,,70,69,100,99,99,,70,69,100,99,99,,70,69,100,99,99,,70,69,100,99,99,,70,69,100,99,99,,70,69,100,99,99,,70,69,100,99,99,,70,69,100,99,99,,70,69,100,99,99,,70,69
India,34,65,44,31,,,32,64,43,29,,,31,63,41,28,,,29,62,40,26,,,28,62,38,25,,,26,61,37,23,,,24,60,35,22,,,23,59,34,21,,,21,58,32,19,,,20,57,31,18,,,18,56,29,16,,,17,55,28,15,,,15,54,26,14,,,14,53,25,12,,,12,52,23,11,,,11,51,22,9,,
Indonesia,57,77,68,,,,55,77,66,,,,53,76,65,,,,51,75,64,,,,49,74,62,,,,47,74,60,,,,46,73,59,,,,44,72,57,,,,42,71,56,,,,40,71,54,,,,38,70,53,,,,36,69,51,,,,34,69,49,,,,32,68,48,,,,30,67,46,,,,28,66,44,,,
Iran (Islamic Republic of),79,92,88,,,,79,92,88,,,,79,92,88,,,,79,92,88,,,,79,92,88,,,,79,92,88,,,,79,92,88,,,,79,92,88,,,,79,92,88,,,,79,92,88,,,,79,92,88,,,,79,92,88,,,,79,92,88,,,,79,92,87,,,,79,92,87,,,,79,92,87,,,
Iraq,86,86,86,26,35,32,86,86,86,26,35,32,86,86,86,26,35,32,83,86,85,25,34,31,81,85,84,24,33,30,79,85,83,23,32,29,76,85,82,22,31,28,74,85,82,21,30,27,71,85,81,20,29,26,69,85,80,18,28,25,67,85,79,17,27,24,64,85,78,16,26,23,62,85,78,15,26,22,59,85,77,14,25,22,57,85,76,13,25,21,55,85,75,11,25,21
Ireland,95,91,92,,88,70,95,90,92,,87,70,94,90,92,,84,67,94,90,91,,81,65,94,90,91,,78,62,94,89,91,,75,60,93,89,91,,72,57,93,89,90,,69,55,93,89,90,,66,52,92,88,90,,62,50,92,88,90,,59,47,92,88,90,,56,45,92,88,89,,53,43,91,87,89,,50,40,91,87,89,,47,38,91,87,89,,44,36
Israel,100,100,100,91,93,93,100,100,100,91,92,92,100,100,100,90,92,91,100,100,100,89,91,90,100,100,100,88,90,89,100,100,100,87,89,88,100,100,100,86,88,88,100,100,100,85,87,87,100,100,100,84,86,86,100,100,100,83,85,85,100,100,100,82,84,84,100,100,100,81,83,83,100,100,100,80,82,82,100,100,100,79,81,81,100,100,100,79,80,80,100,100,100,78,79,79
Italy,99,99,99,94,96,95,99,99,99,94,96,95,99,99,99,94,96,95,99,99,99,94,96,95,99,99,99,94,96,96,99,99,99,94,96,96,99,99,99,94,96,96,99,99,99,94,96,96,99,99,99,94,97,96,99,99,99,94,97,96,,,,,,,,,,,,,,,,,,,,,,,,,,,,,,,,,,,,
Jamaica,87,84,85,,,,87,84,85,,,,87,84,85,,,,87,84,85,,,,87,84,85,,,,86,84,85,,,,86,84,85,,,,86,84,85,,,,86,84,85,,,,85,84,84,,,,85,84,84,,,,85,84,84,,,,85,84,84,,,,84,84,84,,,,84,84,84,,,,84,84,84,,,
Japan,,,100,,,100,,,100,,,100,,,100,,,100,,,100,,,100,,,100,,,100,,,100,,,100,,,100,,,99,,,100,,,99,,,100,,,99,,,100,,,99,,,100,,,99,,,100,,,99,,,100,,,99,,,100,,,99,,,100,,,98,,,100,,,98
Jordan,96,97,97,,82,77,96,97,97,,82,77,96,97,97,,83,77,96,97,97,,83,77,96,97,97,,83,77,97,98,97,,83,77,97,98,98,,83,77,97,98,98,,83,77,97,98,98,,83,77,97,98,98,,83,77,97,98,98,,83,77,98,99,98,,83,77,98,99,99,,83,77,98,99,99,,83,77,98,99,99,,83,77,98,99,99,,83,77
Kazakhstan,99,97,98,,67,,99,97,98,,67,,99,97,98,,68,,98,97,98,,68,,98,97,98,,68,,98,97,97,,68,,98,97,97,,68,,98,97,97,,68,,98,97,97,,68,,98,97,97,,69,,98,97,97,,69,,98,97,97,,69,,97,97,97,,69,,97,97,97,,69,,97,97,97,,69,,97,97,97,,69,
Kenya,28,35,30,,,,28,35,30,,,,28,35,30,,,,28,35,30,,,,29,35,30,,,,29,35,30,,,,29,35,30,,,,29,35,30,,,,29,35,30,,,,29,34,30,,,,30,34,31,,,,30,34,31,,,,30,34,31,,,,30,34,31,,,,30,34,31,,,,30,34,31,,,
Kiribati,32,49,40,,,,32,49,40,,,,32,49,40,,,,32,49,40,,,,31,49,39,,,,30,48,38,,,,29,48,37,,,,28,47,37,,,,27,47,36,,,,26,46,35,,,,25,46,34,,,,24,45,33,,,,23,45,33,,,,23,44,32,,,,22,44,31,,,,21,43,30,,,
Kuwait,,,100,,,100,,,100,,,100,,,100,,,100,,,100,,,100,,,100,,,100,,,100,,,100,,,100,,,100,,,100,,,100,,,100,,,100,,,100,,,100,,,100,,,100,,,100,,,100,,,100,,,100,,,100,,,100,,,100,,,100,,,100,,,100
Kyrgyzstan,99,93,97,,,,98,93,96,,,,98,93,96,,,,97,93,96,,,,97,93,95,,,,96,93,95,,,,96,93,95,,,,95,93,94,,,,95,93,94,,,,94,92,94,,,,94,92,93,,,,93,92,93,,,,93,92,93,,,,92,92,92,,,,92,92,92,,,,92,92,92,,,
Lao People's Democratic Republic,60,93,73,,,,57,91,70,,,,54,90,67,,,,51,88,64,,,,48,86,61,,,,45,84,58,,,,43,83,55,,,,40,81,52,,,,37,79,49,,,,34,78,46,,,,31,76,43,,,,28,74,40,,,,25,72,37,,,,23,71,34,,,,20,69,31,,,,17,67,28,,,
Latvia,84,97,93,66,85,78,83,97,92,65,84,78,82,97,92,64,83,77,81,96,91,64,83,77,81,96,91,63,82,76,80,96,91,62,82,75,79,95,90,62,81,75,78,95,90,61,81,74,77,95,89,60,80,74,77,95,89,60,80,73,76,94,88,59,79,73,75,94,88,59,79,72,74,94,87,58,79,72,73,93,87,58,79,72,72,93,86,57,78,72,72,93,87,57,78,72
Lebanon,,,95,,,20,,,94,,,20,,,92,,,19,,,91,,,19,,,89,,,19,,,88,,,19,,,86,,,18,,,84,,,18,,,83,,,18,,,81,,,17,,,80,,,17,,,78,,,17,,,77,,,17,,,75,,,16,,,75,,,16,,,75,,,16
Lesotho,43,46,44,,,,40,44,41,,,,38,42,39,,,,35,40,37,,,,33,38,34,,,,30,37,32,,,,28,35,29,,,,25,33,27,,,,22,31,25,,,,20,29,22,,,,17,28,20,,,,15,26,17,,,,12,24,15,,,,10,22,12,,,,7,20,10,,,,4,19,7,,,
Liberia,6,28,17,,,,6,28,17,,,,6,28,16,,,,5,27,16,,,,5,27,16,,,,5,27,16,,,,5,27,15,,,,5,26,15,,,,5,26,15,,,,5,26,15,,,,5,26,14,,,,4,26,14,,,,4,25,14,,,,4,25,14,,,,4,25,13,,,,4,25,13,,,
Libya,,,100,,,26,,,100,,,26,,,100,,,27,,,100,,,27,,,100,,,27,,,100,,,27,,,100,,,28,,,100,,,28,,,100,,,28,,,100,,,28,,,100,,,29,,,100,,,29,,,100,,,29,,,100,,,29,,,100,,,29,,,100,,,29
Lithuania,86,97,94,55,64,61,85,97,93,55,64,61,84,97,92,54,64,61,83,97,92,53,64,60,81,96,91,52,63,60,80,96,91,51,63,59,79,96,90,50,63,59,78,95,90,49,63,58,77,95,89,48,62,58,75,95,88,47,62,57,74,94,88,46,62,57,73,94,87,45,61,56,72,94,87,44,61,56,71,94,86,43,61,55,70,93,85,43,61,55,68,93,85,42,60,54
Luxembourg,99,97,98,87,94,94,99,97,98,87,94,94,99,97,98,87,94,94,99,97,98,87,94,94,99,97,98,87,94,94,99,97,98,87,94,94,99,97,98,87,94,94,99,97,98,87,94,94,99,97,98,87,94,93,99,97,98,87,94,93,99,97,98,87,94,93,99,97,98,87,94,93,99,98,98,87,94,93,99,98,98,87,94,93,99,98,98,87,94,93,99,98,98,87,94,93
Madagascar,6,16,10,,,,6,16,9,,,,6,15,9,,,,5,15,9,,,,5,15,8,,,,5,14,8,,,,5,14,8,,,,4,13,7,,,,4,13,7,,,,4,12,7,,,,4,12,6,,,,4,12,6,,,,3,11,6,,,,3,11,5,,,,3,10,5,,,,3,10,5,,,
Malawi,43,49,44,,,,42,48,43,,,,41,48,42,,,,41,48,42,,,,40,48,41,,,,39,48,41,,,,39,47,40,,,,38,47,39,,,,37,47,39,,,,37,47,38,,,,36,47,38,,,,35,46,37,,,,35,46,36,,,,34,46,36,,,,33,46,35,,,,33,46,34,,,
Malaysia,99,100,100,,,82,99,100,100,,,82,99,100,99,,,82,98,100,99,,,81,98,99,99,,,81,98,99,99,,,81,97,99,99,,,81,97,99,98,,,80,97,99,98,,,80,96,99,98,,,80,96,99,98,,,80,96,99,98,,,79,95,99,97,,,79,95,98,97,,,79,95,98,97,,,78,94,98,97,,,78
Maldives,98,93,96,,,,98,93,96,,,,98,93,96,,,,98,93,96,,,,98,93,96,,,,97,93,95,,,,94,93,94,,,,92,94,92,,,,89,94,91,,,,87,94,89,,,,84,94,88,,,,82,95,86,,,,79,95,84,,,,77,95,82,,,,74,95,80,,,,71,95,78,,,
Mali,22,46,31,,,,21,45,30,,,,20,45,30,,,,20,44,29,,,,19,44,28,,,,18,43,27,,,,18,43,27,,,,17,42,26,,,,16,42,25,,,,16,41,24,,,,15,41,23,,,,15,40,23,,,,14,39,22,,,,13,39,21,,,,13,38,20,,,,12,38,19,,,
Malta,100,100,100,93,93,93,100,100,100,93,93,93,100,100,100,93,93,93,100,100,100,93,93,93,100,100,100,93,93,93,100,100,100,93,93,93,100,100,100,93,93,93,100,100,100,93,93,93,100,100,100,93,93,93,100,100,100,93,93,93,100,100,100,93,93,93,100,100,100,93,93,93,100,100,100,93,93,93,100,100,100,93,93,93,100,100,100,93,93,93,100,100,100,93,93,93
Marshall Islands,66,95,87,,,,66,95,87,,,,66,95,87,,,,66,95,87,,,,66,95,87,,,,66,95,87,,,,66,95,86,,,,66,95,86,,,,66,95,86,,,,66,95,86,,,,66,95,86,,,,66,95,86,,,,66,95,86,,,,66,95,86,,,,66,95,86,,,,,,,,,
Mauritania,17,63,45,,,,16,62,43,,,,16,60,42,,,,15,58,40,,,,15,57,39,,,,14,55,37,,,,13,54,36,,,,13,52,34,,,,12,51,33,,,,11,49,32,,,,11,48,30,,,,10,46,29,,,,9,45,27,,,,9,43,26,,,,8,41,25,,,,7,40,23,,,
Mauritius,93,94,93,,,,93,94,93,,,,93,94,93,,,,92,94,93,,,,92,94,93,,,,92,94,93,,,,92,94,93,,,,92,94,92,,,,91,94,92,,,,91,94,92,,,,91,94,92,,,,91,94,92,,,,90,94,92,,,,90,93,92,,,,90,93,91,,,,90,93,91,,,
Mexico,81,91,89,,46,45,79,91,88,,44,43,77,91,88,,42,41,75,90,87,,40,39,73,90,86,,39,38,71,89,85,,37,36,69,89,84,,35,34,67,88,83,,33,32,65,88,83,,31,30,63,88,82,,29,29,61,87,81,,28,27,59,87,80,,26,26,56,86,79,,24,24,54,86,78,,23,22,52,86,77,,21,21,50,85,76,,19,19
Micronesia (Federated States of),,,,,,,63,88,68,,,,63,88,68,,,,63,88,68,,,,63,88,68,,,,63,88,68,,,,63,88,68,,,,63,88,68,,,,63,88,68,,,,63,88,68,,,,,,,,,,,,,,,,,,,,,,,,,,,,,,,,,,,,,,,
Monaco,,100,100,,100,100,,100,100,,100,100,,100,100,,100,100,,100,100,,100,100,,100,100,,100,100,,100,100,,100,100,,100,100,,100,100,,100,100,,100,100,,100,100,,100,100,,100,100,,100,100,,100,100,,100,100,,100,100,,100,100,,100,100,,100,100,,100,100,,100,100,,100,100,,100,100,,100,100,,100,100
Mongolia,41,66,59,,,,40,66,59,,,,40,66,58,,,,39,66,58,,,,38,66,57,,,,37,66,56,,,,36,66,56,,,,35,66,55,,,,34,66,54,,,,32,65,53,,,,31,65,53,,,,30,65,52,,,,29,65,51,,,,28,65,50,,,,27,65,49,,,,26,64,48,,,
Montenegro,92,98,96,,36,,92,98,96,,36,,91,97,95,,36,,91,97,95,,36,,91,96,94,,36,,90,95,94,,36,,90,95,93,,36,,89,94,92,,35,,89,94,92,,35,,89,93,91,,35,,,,,,,,,,,,,,,,,,,,,,,,,,,,,,,,,,,,,
Morocco,75,89,83,,39,38,73,89,83,,39,38,71,89,82,,39,37,69,89,81,,39,37,68,89,80,,39,36,66,89,79,,39,36,64,89,78,,39,36,62,88,77,,38,35,61,88,76,,38,35,59,88,75,,38,34,57,88,74,,38,34,55,88,73,,38,33,53,88,72,,38,33,51,88,71,,38,32,49,87,70,,38,32,47,87,69,,38,31
Mozambique,12,47,24,12,,,12,46,23,12,,,11,45,22,11,,,10,45,21,10,,,10,44,20,10,,,9,43,20,9,,,9,42,19,8,,,8,41,18,8,,,7,40,17,7,,,7,39,17,7,,,6,38,16,6,,,5,38,15,5,,,5,37,14,5,,,4,36,14,4,,,4,35,13,4,,,3,34,12,3,,
Myanmar,59,76,65,,,,59,77,65,,,,59,77,65,,,,60,78,66,,,,60,78,66,,,,61,78,66,,,,61,79,67,,,,62,79,67,,,,62,79,67,,,,62,80,68,,,,63,80,68,,,,63,81,68,,,,64,81,69,,,,64,81,69,,,,65,82,69,,,,65,82,70,,,
Namibia,15,55,34,,,,15,55,33,,,,15,55,33,,,,15,55,33,,,,15,56,32,,,,15,56,32,,,,15,56,32,,,,15,56,31,,,,15,56,31,,,,15,57,30,,,,15,57,30,,,,15,57,30,,,,14,57,29,,,,14,57,29,,,,14,58,29,,,,14,58,28,,,
Nauru,,66,66,,,,,66,66,,,,,66,66,,,,,66,66,,,,,66,66,,,,,66,66,,,,,66,66,,,,,66,66,,,,,66,66,,,,,66,66,,,,,66,66,,,,,66,66,,,,,66,66,,,,,66,66,,,,,66,66,,,,,66,66,,,
Nepal,45,52,46,,,,43,52,44,,,,41,51,43,,,,39,50,41,,,,37,50,39,,,,35,49,37,,,,33,48,36,,,,31,47,34,,,,29,47,32,,,,27,46,30,,,,25,45,28,,,,23,44,27,,,,22,44,25,,,,20,43,23,,,,18,42,21,,,,16,42,19,,,
Netherlands,100,98,98,97,98,97,100,98,98,97,98,97,100,98,98,97,98,97,100,98,98,97,98,97,100,98,98,97,98,97,100,98,98,97,98,97,100,98,98,97,98,97,100,98,98,97,98,97,100,98,98,97,98,97,100,98,98,97,98,97,100,98,98,97,98,97,100,98,98,97,98,97,100,98,98,97,98,97,100,98,98,97,98,97,100,98,98,97,98,97,100,98,98,97,98,97
New Zealand,100,100,100,,,76,100,100,100,,,76,100,100,100,,,76,100,100,100,,,76,100,100,100,,,76,100,100,100,,,76,100,100,100,,,76,100,100,100,,,76,100,100,100,,,76,100,100,100,,,76,100,100,100,,,76,100,100,100,,,76,100,100,100,,,76,100,100,100,,,76,100,100,100,,,76,100,100,100,,,75
Nicaragua,63,86,76,,,,62,85,75,,,,60,84,74,,,,59,83,73,,,,58,82,72,,,,57,82,71,,,,56,81,70,,,,55,80,69,,,,53,79,68,,,,52,78,67,,,,51,77,66,,,,50,76,65,,,,49,76,64,,,,47,75,63,,,,46,74,61,,,,45,73,60,,,
Niger,6,44,13,5,24,9,6,42,12,5,23,8,5,41,12,5,23,8,5,40,11,5,22,8,5,39,11,5,22,7,5,38,10,4,21,7,4,36,10,4,21,7,4,35,9,4,20,6,4,34,9,4,20,6,4,33,9,3,19,6,3,32,8,3,19,6,3,30,8,3,18,5,3,29,7,3,18,5,3,28,7,2,17,5,2,27,6,2,16,4,2,26,6,2,15,4
Nigeria,27,39,33,,,,28,39,33,,,,28,39,33,,,,29,39,33,,,,29,39,33,,,,30,39,34,,,,30,39,34,,,,31,39,34,,,,31,39,34,,,,32,39,35,,,,32,39,35,,,,33,39,35,,,,33,39,36,,,,34,39,36,,,,34,39,36,,,,35,39,36,,,
Niue,,,97,,,,,,97,,,,,,97,,,,,,97,,,,,,98,,,,,,98,,,,,,99,,,,,,99,,,,,,100,,,,,,100,,,,,,100,,,,,,100,,,,,,100,,,,,,100,,,,,,100,,,,,,100,,,
Norway,98,98,98,,,78,98,98,98,,,78,98,98,98,,,78,98,98,98,,,78,98,98,98,,,78,98,98,98,,,77,98,98,98,,,77,98,98,98,,,77,98,98,98,,,77,98,98,98,,,77,98,98,98,,,77,98,98,98,,,76,98,98,98,,,76,98,98,98,,,76,98,98,98,,,76,98,98,98,,,76
Oman,99,99,99,,,,99,99,99,,,,97,99,99,,,,96,99,98,,,,94,98,97,,,,92,98,96,,,,90,97,96,,,,89,97,95,,,,87,96,94,,,,85,96,93,,,,83,95,92,,,,81,94,91,,,,80,94,90,,,,78,93,89,,,,76,93,88,,,,76,93,88,,,
Pakistan,48,74,58,,,,46,74,57,,,,44,73,55,,,,41,73,53,,,,39,72,51,,,,37,72,50,,,,34,71,48,,,,32,71,46,,,,30,70,44,,,,28,70,43,,,,25,69,41,,,,23,69,39,,,,21,68,37,,,,19,68,35,,,,16,67,33,,,,14,67,32,,,
Palau,100,100,100,,16,20,100,100,100,,16,20,100,100,100,,16,20,100,100,100,,16,20,100,100,100,,16,20,99,100,100,,16,20,96,99,98,,15,20,93,98,97,,15,20,89,97,96,,15,19,86,97,95,,14,19,83,96,93,,14,19,80,95,92,,14,18,77,94,90,,13,18,73,94,88,,13,18,70,93,87,,13,17,67,92,85,,12,17
Panama,59,86,77,,29,,58,85,76,,29,,57,84,75,,28,,56,84,74,,28,,55,83,74,,28,,54,82,73,,27,,53,82,72,,27,,53,81,71,,27,,52,80,70,,27,,51,80,69,,26,,50,79,68,,26,,49,78,68,,26,,48,78,67,,26,,47,77,66,,25,,46,77,65,,25,,45,76,64,,25,
Papua New Guinea,13,55,19,,,,13,55,19,,,,13,55,19,,,,13,55,19,,,,13,55,19,,,,13,55,19,,,,13,55,19,,,,13,55,19,,,,13,55,19,,,,13,55,19,,,,13,55,19,,,,13,55,19,,,,13,55,19,,,,13,55,19,,,,13,55,19,,,,13,55,19,,,
Paraguay,81,98,91,,,,79,98,90,,,,77,97,89,,,,75,96,88,,,,73,96,86,,,,71,95,85,,,,69,94,84,,,,67,94,83,,,,65,93,81,,,,63,92,80,,,,61,92,79,,,,59,91,77,,,,57,90,76,,,,55,90,75,,,,53,89,73,,,,52,88,72,,,
Peru,58,82,77,,35,30,56,82,76,,34,29,54,81,75,,32,28,52,81,74,,31,27,49,80,73,,30,26,47,80,72,,29,25,45,80,72,,28,24,43,79,71,,27,23,41,79,70,,26,22,38,79,69,,24,21,36,78,68,,23,20,34,78,67,,22,19,32,77,66,,21,18,30,77,65,,20,17,27,77,64,,19,16,25,76,63,,18,15
Philippines,72,79,75,,,,71,79,74,,,,70,78,74,,,,69,78,73,,,,68,78,73,,,,68,78,72,,,,67,78,72,,,,66,77,71,,,,65,77,71,,,,64,77,70,,,,63,77,70,,,,63,76,69,,,,62,76,68,,,,61,76,68,,,,60,76,67,,,,59,75,67,,,
Poland,98,98,98,,91,77,97,98,97,,91,77,95,98,97,,90,76,94,97,96,,90,76,92,97,95,,90,76,91,97,94,,90,75,89,96,94,,89,75,88,96,93,,89,74,86,96,92,,89,74,85,96,91,,88,73,83,95,91,,88,73,82,95,90,,88,72,80,95,89,,87,72,79,94,89,,87,72,77,94,88,,87,71,76,94,87,,87,71
Portugal,100,99,99,,65,62,99,99,99,,65,62,99,99,99,,65,61,99,99,99,,65,61,99,99,99,,65,61,98,99,99,,65,61,98,99,99,,65,61,98,99,99,,65,61,98,99,98,,65,61,97,99,98,,65,61,97,99,98,,65,60,97,99,98,,65,60,97,99,98,,65,60,96,99,98,,65,60,96,99,97,,65,60,96,98,97,,65,60
Qatar,,,100,,,88,,,100,,,88,,,100,,,88,,,100,,,88,,,100,,,88,,,100,,,88,,,100,,,88,,,100,,,88,,,99,,,88,,,99,,,88,,,99,,,88,,,99,,,88,,,99,,,88,,,99,,,88,,,,,,,,,,,,
Republic of Korea,,,100,,,98,,,100,,,98,,,100,,,97,,,100,,,96,,,100,,,95,,,100,,,94,,,100,,,93,,,100,,,93,,,100,,,92,,,100,,,91,,,100,,,90,,,100,,,89,,,100,,,88,,,100,,,87,,,100,,,86,,,100,,,86
Republic of Moldova,70,89,78,,,,69,89,78,,,,69,88,78,,,,68,88,77,,,,67,88,77,,,,67,88,76,,,,66,88,76,,,,65,88,75,,,,65,87,75,,,,64,87,75,,,,63,87,74,,,,63,87,74,,,,62,87,73,,,,61,87,73,,,,61,86,73,,,,60,86,72,,,
Romania,68,93,82,,,57,68,93,82,,,55,68,93,82,,,54,68,93,82,,,52,68,93,82,,,51,68,93,82,,,49,68,93,82,,,48,68,93,82,,,47,68,93,82,,,46,68,93,81,,,45,,,,,,,,,,,,,,,,,,,,,,,,,,,,,,,,,,,,
Russian Federation,76,93,89,,,,74,93,88,,,,73,93,88,,,,72,94,88,,,,70,94,87,,,,69,94,87,,,,67,94,87,,,,66,94,86,,,,65,94,86,,,,63,94,86,,,,62,94,85,,,,60,94,85,,,,59,94,85,,,,58,94,84,,,,56,94,84,,,,55,94,84,,,
Rwanda,64,57,62,,,,63,57,61,,,,61,57,60,,,,60,57,59,,,,58,57,58,,,,57,57,57,,,,55,57,56,,,,54,57,55,,,,52,57,53,,,,51,57,52,,,,49,57,51,,,,48,57,50,,,,46,57,48,,,,45,57,47,,,,43,57,46,,,,42,57,44,,,
Saint Kitts and Nevis,,,,,,,,,,,,,,,92,,,,,,92,,,,,,92,,,,,,92,,,,,,92,,,,,,91,,,,,,90,,,,,,90,,,,,,89,,,,,,88,,,,,,87,,,,,,87,,,,,,86,,,,,,85,,,
Saint Lucia,92,86,91,,,,92,86,91,,,,92,85,91,,,,91,84,90,,,,90,83,89,,,,89,82,87,,,,87,81,86,,,,86,80,85,,,,85,79,84,,,,84,78,82,,,,82,77,81,,,,81,76,80,,,,80,75,79,,,,80,75,79,,,,80,75,79,,,,80,75,79,,,
Saint Vincent and the Grenadines,,,87,,,,,,87,,,,,,86,,,,,,85,,,,,,84,,,,,,83,,,,,,81,,,,,,80,,,,,,79,,,,,,78,,,,,,77,,,,,,76,,,,,,74,,,,,,73,,,,,,72,,,,,,71,,,
Samoa,96,98,97,,,,96,98,97,,,,97,98,97,,,,97,99,97,,,,97,99,97,,,,97,99,98,,,,97,99,98,,,,98,99,98,,,,98,99,98,,,,98,99,98,,,,98,99,98,,,,98,99,99,,,,98,99,99,,,,98,99,99,,,,98,99,99,,,,98,99,99,,,
San Marino,,,100,,,78,,,100,,,78,,,100,,,78,,,100,,,78,,,100,,,78,,,100,,,78,,,100,,,78,,,100,,,78,,,100,,,78,,,100,,,78,,,100,,,78,,,100,,,78,,,100,,,78,,,100,,,78,,,100,,,78,,,100,,,78
Sao Tome and Principe,28,47,40,,,,27,45,39,,,,26,44,38,,,,25,42,36,,,,25,41,35,,,,24,40,34,,,,23,38,32,,,,22,37,31,,,,21,36,30,,,,20,34,28,,,,19,33,27,,,,18,32,26,,,,17,30,25,,,,17,29,23,,,,16,27,22,,,,15,26,21,,,
Saudi Arabia,,,100,,,84,,,100,,,84,,,100,,,84,,,100,,,84,,,100,,,83,,,100,,,81,,,100,,,78,,,100,,,76,,,99,,,74,,,99,,,72,,,99,,,70,,,99,,,68,,,98,,,66,,,98,,,64,,,98,,,64,,,98,,,64
Senegal,35,66,48,22,24,24,34,65,48,22,24,24,33,65,47,21,24,23,33,65,46,21,23,23,32,64,46,20,23,22,31,64,45,20,23,22,31,63,44,19,23,21,30,63,44,19,22,21,29,62,43,19,22,21,29,62,42,18,22,20,28,61,42,18,22,20,27,61,41,17,21,19,27,61,40,17,21,19,26,60,40,16,21,18,25,60,39,16,21,18,25,59,39,16,20,18
Serbia,91,98,95,,14,24,91,98,95,,14,24,92,98,95,,14,25,92,98,95,,15,25,92,98,95,,15,26,93,98,96,,15,26,93,98,96,,16,27,94,98,96,,16,27,94,98,96,,16,27,95,98,96,,17,28,95,98,97,,17,28,95,98,97,,17,29,96,98,97,,17,29,96,98,97,,17,29,97,98,97,,17,29,97,98,98,,17,29
Seychelles,,,100,,,,,,100,,,,,,100,,,,,,99,,,,,,99,,,,,,98,,,,,,98,,,,,,98,,,,,,97,,,,,,97,,,,,,96,,,,,,96,,,,,,95,,,,,,95,,,,,,95,,,,,,94,,,
Sierra Leone,8,24,15,,,,8,24,14,,,,8,23,14,,,,8,23,14,,,,7,23,13,,,,7,23,13,,,,7,23,13,,,,6,22,12,,,,6,22,12,,,,6,22,12,,,,6,22,12,,,,5,21,11,,,,5,21,11,,,,5,21,11,,,,4,21,10,,,,4,21,10,,,
Singapore,,100,100,,100,100,,100,100,,100,100,,100,100,,100,100,,100,100,,100,100,,100,100,,100,100,,100,100,,100,100,,100,100,,100,100,,100,100,,100,100,,100,100,,100,100,,100,100,,100,100,,100,100,,100,100,,100,100,,100,100,,100,100,,100,100,,100,100,,100,100,,100,100,,100,100,,100,100,,100,100
Slovakia,98,99,99,75,88,82,98,99,99,75,88,82,98,99,99,75,88,82,98,99,99,75,88,82,98,99,99,75,88,82,98,99,99,75,88,82,98,99,99,75,88,82,98,99,99,75,88,82,98,99,99,75,88,82,98,99,99,75,88,82,98,99,99,75,88,82,98,99,99,75,88,82,98,99,99,75,88,82,98,99,99,75,88,82,98,99,99,75,88,82,98,99,99,75,88,82
Slovenia,99,99,99,,,76,99,99,99,,,76,99,99,99,,,76,99,99,99,,,76,99,99,99,,,76,99,99,99,,,75,99,99,99,,,75,99,99,99,,,75,99,99,99,,,74,99,99,99,,,74,99,99,99,,,74,99,99,99,,,73,99,99,99,,,74,99,99,99,,,74,99,99,99,,,74,99,99,99,,,74
Solomon Islands,18,76,31,,,,18,76,31,,,,17,76,30,,,,17,76,29,,,,16,74,28,,,,16,72,27,,,,15,71,26,,,,15,69,25,,,,14,67,24,,,,14,66,23,,,,14,64,23,,,,13,62,22,,,,13,62,21,,,,13,62,21,,,,13,62,21,,,,13,62,21,,,
Somalia,8,28,16,7,24,14,8,30,17,7,26,15,8,31,17,7,27,15,8,33,18,7,28,15,8,34,18,7,29,16,8,36,19,7,30,16,8,37,19,8,32,16,8,38,19,8,33,17,8,40,20,8,34,17,8,41,20,8,35,18,9,43,21,8,37,18,9,44,21,8,38,18,9,46,21,8,39,19,9,47,22,8,40,19,9,48,22,8,42,19,9,50,22,8,43,20
South Africa,69,76,73,,,,67,75,72,,,,65,75,71,,,,64,75,71,,,,62,74,70,,,,61,74,69,,,,59,74,68,,,,57,73,67,,,,56,73,66,,,,54,73,65,,,,53,72,64,,,,51,72,63,,,,49,72,62,,,,48,71,61,,,,46,71,60,,,,45,71,59,,,
South Sudan,6,28,10,,,,6,25,10,,,,5,23,9,,,,5,21,8,,,,4,19,7,,,,,,,,,,,,,,,,,,,,,,,,,,,,,,,,,,,,,,,,,,,,,,,,,,,,,,,,,,,,,,,,,,,,,
Spain,100,100,100,98,97,97,100,100,100,97,97,97,100,100,100,97,97,97,100,100,100,97,97,97,100,100,100,96,96,96,100,100,100,96,96,96,100,100,100,95,96,96,100,100,100,95,95,95,100,100,100,94,95,95,100,100,100,94,95,95,100,100,100,93,94,94,100,100,100,93,94,94,100,100,100,93,94,94,100,100,100,93,94,94,100,100,100,93,94,94,100,100,100,93,94,94
Sri Lanka,95,89,94,,,,95,89,94,,,,95,89,94,,,,94,89,93,,,,93,89,92,,,,92,89,92,,,,92,89,91,,,,91,89,90,,,,90,89,90,,,,89,89,89,,,,88,89,89,,,,88,89,88,,,,87,89,87,,,,86,89,87,,,,85,89,86,,,,85,89,85,,,
Sudan,23,58,35,,,,22,56,33,,,,21,55,32,,,,20,53,31,,,,19,52,30,,,,18,50,28,,,,16,49,27,,,,15,47,26,,,,14,46,25,,,,13,44,23,,,,12,43,22,,,,11,41,21,,,,11,41,21,,,,11,41,21,,,,11,41,21,,,,11,41,21,,,
Suriname,61,88,79,,,,61,88,79,,,,61,88,79,,,,61,88,79,,,,62,89,79,,,,62,89,80,,,,62,89,80,,,,62,89,80,,,,62,89,80,,,,62,89,80,,,,63,89,80,,,,63,89,80,,,,63,89,81,,,,63,90,81,,,,63,90,81,,,,63,90,81,,,
Swaziland,58,58,58,,,,57,58,57,,,,56,58,57,,,,56,58,56,,,,55,58,56,,,,54,58,55,,,,54,58,54,,,,53,58,54,,,,52,58,53,,,,51,58,53,,,,51,58,52,,,,50,58,52,,,,49,58,51,,,,48,58,50,,,,48,57,50,,,,47,57,49,,,
Sweden,100,99,99,87,93,92,100,99,99,87,93,92,100,99,99,87,93,92,100,99,99,87,93,92,100,99,99,87,93,92,100,99,99,87,93,92,100,99,99,87,93,92,100,99,99,87,93,92,100,99,99,87,93,92,100,99,99,87,93,92,100,99,99,87,92,92,100,99,99,87,92,91,100,99,99,87,92,91,100,99,99,87,92,91,100,99,99,86,92,91,100,99,99,86,92,91
Switzerland,100,100,100,96,100,99,100,100,100,97,100,99,100,100,100,97,100,99,100,100,100,97,100,99,100,100,100,97,99,99,100,100,100,97,99,99,100,100,100,97,99,99,100,100,100,97,99,99,100,100,100,97,99,98,100,100,100,97,99,98,100,100,100,98,99,98,100,100,100,98,98,98,100,100,100,98,98,98,100,100,100,98,98,98,100,100,100,98,98,98,100,100,100,98,98,98
Syrian Arab Republic,89,96,93,,,,89,96,93,,,,89,96,93,,,,89,96,93,,,,89,96,93,,,,89,96,93,,,,89,96,93,,,,89,96,93,,,,90,96,93,,,,90,96,93,,,,90,96,93,,,,90,96,93,,,,90,96,93,,,,90,96,93,,,,90,96,93,,,,90,96,93,,,
Tajikistan,96,94,95,,,,96,94,95,,,,96,94,95,,,,95,94,95,,,,95,94,94,,,,94,93,94,,,,94,93,93,,,,93,93,93,,,,93,93,93,,,,92,93,92,,,,92,93,92,,,,91,93,91,,,,91,93,91,,,,90,92,91,,,,90,92,90,,,,89,92,90,,,
Thailand,96,94,95,,,,96,94,95,,,,96,94,95,,,,96,94,95,,,,96,94,95,,,,96,94,95,,,,96,94,95,,,,96,94,95,,,,96,94,95,,,,96,94,95,,,,96,94,95,,,,96,94,95,,,,96,94,95,,,,95,94,95,,,,95,94,95,,,,95,94,95,,,
The former Yugoslav republic of Macedonia,83,97,91,,,,83,97,91,,,,83,97,91,,,,83,97,91,,,,83,97,91,,,,83,96,91,,,,84,96,91,,,,84,95,90,,,,84,95,90,,,,84,94,90,,,,85,94,90,,,,85,93,90,,,,85,93,90,,,,85,93,90,,,,85,93,90,,,,85,93,90,,,
Timor-Leste,30,73,44,,,,30,71,43,,,,30,70,42,,,,29,68,41,,,,29,67,41,,,,29,66,40,,,,29,64,39,,,,29,63,38,,,,28,61,37,,,,28,60,37,,,,28,59,36,,,,28,57,35,,,,27,56,35,,,,27,54,34,,,,,,,,,,,,,,,
Togo,5,28,14,,,,5,28,14,,,,5,28,14,,,,4,27,13,,,,4,27,13,,,,4,27,13,,,,4,27,13,,,,4,26,12,,,,4,26,12,,,,4,26,12,,,,4,26,12,,,,4,25,12,,,,4,25,12,,,,4,25,11,,,,4,25,11,,,,4,25,11,,,
Tonga,92,97,93,,,,92,97,93,,,,92,97,93,,,,91,97,93,,,,90,97,92,,,,90,98,92,,,,89,98,91,,,,88,98,91,,,,88,98,90,,,,87,98,90,,,,86,99,89,,,,86,99,89,,,,86,99,89,,,,86,99,89,,,,86,99,89,,,,86,99,89,,,
Trinidad and Tobago,,,92,,,,,,92,,,,,,92,,,,,,92,,,,,,92,,,,,,92,,,,,,92,,,,,,92,,,,,,92,,,,,,91,,,,,,91,,,,,,91,,,,,,91,,,,,,91,,,,,,91,,,,,,91,,,
Tunisia,83,98,93,,89,73,81,98,93,,89,73,80,98,92,,88,72,78,98,91,,87,71,76,97,90,,86,70,74,97,89,,85,69,72,97,88,,84,68,71,96,88,,82,67,69,96,87,,81,65,67,96,86,,80,64,65,96,85,,79,63,64,95,84,,78,62,62,95,83,,77,61,60,95,82,,75,59,58,95,81,,75,59,56,94,80,,74,58
Turkey,89,99,96,,48,44,88,99,96,,48,44,86,98,95,,48,42,85,98,94,,47,40,84,97,93,,47,38,82,96,92,,47,36,81,95,91,,46,34,79,95,90,,46,32,78,94,89,,45,30,77,93,88,,45,29,75,92,87,,45,27,74,92,86,,44,25,73,91,85,,44,23,71,90,84,,44,23,70,90,83,,43,23,70,90,83,,43,23
Turkmenistan,99,94,97,,,,99,94,96,,,,98,94,96,,,,98,94,96,,,,98,94,96,,,,98,94,96,,,,98,94,96,,,,98,94,96,,,,97,94,96,,,,97,94,96,,,,97,94,96,,,,97,94,96,,,,97,94,95,,,,97,94,95,,,,96,94,95,,,,96,94,95,,,
Tuvalu,91,92,91,14,6,9,91,92,91,14,6,9,91,92,92,14,6,9,90,92,91,13,6,9,88,92,91,13,6,9,87,93,90,12,6,9,85,93,89,11,6,9,84,93,89,10,6,8,82,94,88,10,6,8,81,94,87,9,7,8,80,94,87,8,7,8,80,94,87,8,7,8,80,94,86,8,7,8,80,94,86,8,7,8,80,94,86,8,7,8,,,,,,
Uganda,17,28,19,,,,17,28,19,,,,17,28,19,,,,17,28,18,,,,16,28,18,,,,16,28,18,,,,16,28,18,,,,16,28,17,,,,15,28,17,,,,15,28,17,,,,15,28,17,,,,15,29,16,,,,14,29,16,,,,14,29,16,,,,14,29,16,,,,14,29,15,,,
Ukraine,93,97,96,,,,93,97,96,,,,92,97,96,,,,92,97,96,,,,92,97,96,,,,92,97,96,,,,92,97,95,,,,91,97,95,,,,91,97,95,,,,91,97,95,,,,91,97,95,,,,91,97,95,,,,90,97,95,,,,90,97,95,,,,90,97,95,,,,90,97,95,,,
United Arab Emirates,100,100,100,81,95,93,100,100,100,81,95,93,100,100,100,81,95,93,100,100,100,81,95,93,100,100,100,81,95,93,100,100,100,81,95,93,100,100,100,81,95,93,100,100,100,81,95,93,100,100,100,81,95,93,100,100,100,81,95,93,100,100,100,81,95,93,100,100,100,81,95,93,100,100,100,81,95,93,100,100,100,81,95,93,100,100,100,81,95,93,100,100,100,81,95,93
United Kingdom of Great Britain and Northern Ireland,99,99,99,92,99,98,99,99,99,92,99,98,99,99,99,92,99,98,99,99,99,92,99,98,99,99,99,92,99,98,99,99,99,92,99,98,99,99,99,92,99,98,99,99,99,92,99,98,99,99,99,92,99,97,99,99,99,92,99,97,99,99,99,92,99,97,99,99,99,92,99,97,99,99,99,92,99,97,99,99,99,92,99,97,99,99,99,92,99,97,99,99,99,92,99,97
United Republic of Tanzania,17,37,24,,,,16,35,22,,,,16,34,21,,,,15,32,20,,,,14,30,19,,,,13,29,18,,,,12,27,16,,,,12,25,15,,,,11,24,14,,,,10,22,13,,,,9,20,12,,,,8,18,11,,,,8,17,10,,,,7,15,9,,,,6,13,8,,,,5,12,7,,,
United States of America,100,100,100,,95,89,100,100,100,,95,89,100,100,100,,95,89,100,100,100,,95,89,100,100,100,,95,89,100,100,100,,95,89,100,100,100,,95,89,100,100,100,,95,89,100,100,100,,95,89,100,100,100,,95,89,100,100,100,,95,89,100,100,100,,95,89,100,100,100,,95,89,100,100,100,,95,89,100,100,100,,95,89,100,100,100,,95,89
Uruguay,95,96,96,,64,64,94,96,96,,64,63,93,96,95,,64,63,92,95,95,,64,63,91,95,95,,64,63,90,95,95,,64,63,90,95,95,,64,63,89,95,95,,64,62,88,95,95,,63,62,87,95,95,,63,62,86,95,94,,63,62,85,95,94,,63,62,85,95,94,,63,62,85,95,94,,63,62,85,95,94,,63,62,85,95,94,,63,62
Uzbekistan,100,100,100,,,,100,100,100,,,,100,100,100,,,,100,100,100,,,,100,100,100,,,,100,100,100,,,,100,100,100,,,,100,100,100,,,,100,100,100,,,,99,100,100,,,,97,99,98,,,,95,99,96,,,,92,98,94,,,,90,98,93,,,,87,97,91,,,,85,97,89,,,
Vanuatu,51,61,53,,,,51,61,53,,,,51,61,53,,,,51,61,53,,,,51,61,53,,,,51,61,53,,,,51,61,53,,,,51,61,53,,,,51,61,53,,,,51,61,53,,,,51,61,53,,,,51,61,53,,,,51,61,53,,,,51,61,53,,,,51,61,53,,,,51,61,53,,,
Venezuela (Bolivarian Republic of),72,98,95,,17,19,72,98,95,,17,19,72,98,95,,17,19,71,97,94,,17,19,69,97,94,,17,19,68,96,93,,17,19,66,96,93,,17,19,65,96,92,,17,18,63,95,91,,17,18,62,95,91,,17,18,60,94,90,,17,18,59,94,90,,17,18,57,93,89,,17,18,56,93,89,,17,18,54,92,88,,17,18,52,92,87,,17,17
Viet Nam,72,91,78,,,,70,90,77,,,,68,90,75,,,,66,89,74,,,,64,89,72,,,,63,88,70,,,,61,87,69,,,,59,87,67,,,,57,86,65,,,,55,86,64,,,,53,85,62,,,,52,85,60,,,,50,84,59,,,,48,83,57,,,,46,83,55,,,,44,82,53,,,
Yemen,44,90,60,,67,,42,89,58,,66,,41,89,57,,65,,40,89,56,,64,,38,88,54,,63,,37,88,53,,62,,36,87,52,,60,,34,87,50,,59,,33,86,49,,58,,31,86,47,,57,,30,85,46,,56,,29,85,45,,55,,27,84,43,,54,,26,84,42,,53,,26,84,42,,53,,26,84,41,,53,
Zambia,19,49,31,,,,18,49,31,,,,18,49,30,,,,18,49,30,,,,17,50,30,,,,17,50,29,,,,16,50,29,,,,16,50,29,,,,16,50,28,,,,15,50,28,,,,15,50,28,,,,14,50,27,,,,14,51,27,,,,13,51,27,,,,13,51,26,,,,13,51,26,,,
Zimbabwe,31,54,39,,,,32,54,39,,,,32,54,39,,,,32,54,39,,,,33,54,40,,,,33,54,40,,,,33,54,40,,,,33,54,40,,,,34,54,41,,,,34,54,41,,,,34,54,41,,,,35,54,41,,,,35,54,41,,,,35,54,42,,,,36,54,42,,,,36,54,42,,,
